"Cold Fact","Sixto Rodriguez","1970","Manual","https://www.discogs.com/master/176155","98580","Funk / Soul; Rock","Folk Rock; Psychedelic"
"2+2+1 = Ponderosa Twins Plus One","Ponderosa Twins + One","1971","Manual","https://www.discogs.com/master/581954","1799176","Funk / Soul","Funk; Soul"
"Coming From Reality","Sixto Rodriguez","1971","Manual","https://www.discogs.com/master/176156","98580","Rock","Folk Rock; Psychedelic Rock; Soft Rock"
"Relayer","Yes","1974","Manual","https://www.discogs.com/master/35126","50263","Rock","Prog Rock"
"Breezin'","George Benson","1976","Manual","https://www.discogs.com/master/52525","2266","Funk / Soul; Jazz","Contemporary Jazz; Jazz-Funk; Smooth Jazz"
"Circus Town","Tatsuro Yamashita","1976","Manual","https://www.discogs.com/master/778495","119485","Funk / Soul; Jazz; Pop; Rock","City Pop; Jazz-Rock; Soul"
"Spacy","Tatsuro Yamashita","1977","Manual","https://www.discogs.com/master/567245","119485","Funk / Soul; Jazz; Pop; Rock","City Pop; Funk; Jazz-Rock; Soul"
"Go Ahead!","Tatsuro Yamashita","1978","Manual","https://www.discogs.com/master/802637","119485","Funk / Soul; Jazz; Pop","City Pop; Funk; Jazz-Funk; Soul"
"Paraiso","Haruomi Hosono, The Yellow Magic Band","1978","Manual","https://www.discogs.com/master/288638","19132; 1892109","Electronic; Folk, World, & Country; Funk / Soul; Jazz; Pop; Rock","Easy Listening; Experimental; Folk Rock; Pacific; Psychedelic Rock; Soft Rock"
"Breakfast In America","Supertramp","1979","Manual","https://www.discogs.com/master/25362","251517","Rock","Art Rock; Pop Rock"
"Moonglow = ムーングロウ","Tatsuro Yamashita","1979","Manual","https://www.discogs.com/master/966626","119485","Funk / Soul; Jazz; Pop","Boogie; City Pop; Disco; Funk; Jazz-Rock; Soul"
"Thunder Live","Casiopea","1980","Manual","https://www.discogs.com/master/486870","259140","Funk / Soul; Jazz","Fusion; Jazz-Funk"
"Melodies","Tatsuro Yamashita","1983","Manual","https://www.discogs.com/master/427891","119485; 119485","Funk / Soul; Jazz; Pop; Rock","Ballad; City Pop; Funk; Jazz-Rock; Soul"
"Big Wave = ビッグウェイブ","Tatsuro Yamashita","1984","Manual","https://www.discogs.com/master/742675","119485; 119485","Funk / Soul; Pop; Rock; Stage & Screen","City Pop; Funk; Pop Rock; Soul; Soundtrack; Surf"
"Casiopea Live","Casiopea","1985","Manual","https://www.discogs.com/master/490671","259140","Jazz","Fusion"
"Welcome To The Minoru's Land","Minoru Mukaiya","1985","Manual","https://www.discogs.com/master/1004817","752722","Electronic; Jazz","Fusion; Synth-pop"
"Pocket Music = ポケット・ミュージック","Tatsuro Yamashita","1986","Manual","https://www.discogs.com/master/626487","119485; 119485","Funk / Soul; Pop; Rock","City Pop; Funk; Kayōkyoku; Pop Rock; Soul"
"僕の中の少年","Tatsuro Yamashita","1988","Manual","https://www.discogs.com/master/781161","119485","Electronic; Funk / Soul; Pop","City Pop; Funk; Rhythm & Blues; Soul; Synth-pop"
"魔女の宅急便 サントラ音楽集","Joe Hisaishi","1989","Manual","https://www.discogs.com/master/584837","221662","Stage & Screen","Anison; Soundtrack"
"Love Deluxe","Sade","1992","Manual","https://www.discogs.com/master/110938","19731","Funk / Soul; Jazz; Pop","Contemporary Jazz; Neo Soul; Smooth Jazz; Soul"
"Patlabor 2 The Movie (Original Soundtrack ""P2"")","Kenji Kawai","1993","Manual","https://www.discogs.com/master/447709","142685","Electronic; Stage & Screen","Ambient; Anison; Modern Classical"
"劇場版 美少女戦士セーラームーンR 音楽集","Various","1993","Manual","https://www.discogs.com/master/979394","194","Pop; Stage & Screen",""
"Mother 2 (ギーグの逆襲)","Keiichi Suzuki, Hirokazu Tanaka, Hiroshi Kanazu","1994","Manual","https://www.discogs.com/master/964395","233123; 301091; 4637282","Stage & Screen","Soundtrack; Video Game Music"
"Southernplayalisticadillacmuzik","OutKast","1994","Manual","https://www.discogs.com/master/26075","38561","Hip Hop",""
"Neon Genesis Evangelion = 新世紀エヴァンゲリオン","Shiro Sagisu","1995","Manual","https://www.discogs.com/master/410501","388815; 388815","Stage & Screen","Anison; Soundtrack; Theme"
"スーパーマリオ ヨッシーアイランド (オリジナル・サウンド・ヴァージョン)","Koji Kondo","1995","Manual","https://www.discogs.com/master/1817474","43032","Stage & Screen","Soundtrack; Video Game Music"
"1996","Ryuichi Sakamoto","1996","Manual","https://www.discogs.com/master/135235","5087","Classical; Pop; Stage & Screen","Contemporary"
"Neon Genesis Evangelion II = 新世紀エヴァンゲリオン II","Shiro Sagisu","1996","Manual","https://www.discogs.com/master/573211","388815; 388815","Stage & Screen","Anison; Soundtrack; Theme"
"Neon Genesis Evangelion III = 新世紀エヴァンゲリオン III","Shiro Sagisu","1996","Manual","https://www.discogs.com/master/457286","388815; 388815","Stage & Screen","Anison; Soundtrack"
"Dude Ranch","Blink-182","1997","Manual","https://www.discogs.com/master/38017","80395","Rock","Pop Rock; Punk"
"The White Goblin","Masayoshi Takanaka","1997","Manual","https://www.discogs.com/master/1095326","128537","Funk / Soul; Jazz",""
"もののけ姫（サウンドトラック）","Joe Hisaishi","1997","Manual","https://www.discogs.com/master/111103","221662","Classical; Stage & Screen","Ambient; Anison; Contemporary; Modern Classical; Soundtrack; Theme; Vocal"
"Cardcaptor Sakura Original Soundtrack","Various","1998","Manual","https://www.discogs.com/master/1793986","194","Pop; Stage & Screen","Anison; J-pop; Score; Soundtrack"
"Cardcaptor Sakura Original Soundtrack 2 (NHKアニメーション カードキャプターさくら オリジナルサウンドトラック 2)","Takayuki Negishi","1998","Manual","https://www.discogs.com/master/2569379","583713","Pop; Stage & Screen","Anison; Soundtrack"
"∀ Gundam Original Soundtrack 1 = ∀ガンダム オリジナル・サウンドトラック 1","Yoko Kanno","1999","Manual","https://www.discogs.com/master/1123597","245252","Stage & Screen","Soundtrack"
"Cardcaptor Sakura Original Soundtrack 3 (NHKアニメーション カードキャプターさくら オリジナルサウンドトラック 3)","Takayuki Negishi","1999","Manual","https://www.discogs.com/release/17149582","583713","Pop; Stage & Screen","Anison; Soundtrack"
"Enema Of The State","Blink-182","1999","Manual","https://www.discogs.com/master/38033","80395","Rock","Alternative Rock; Pop Rock; Punk"
"Sweet","Suga Shikao","1999","Manual","https://www.discogs.com/master/2457187","2959353","Funk / Soul; Pop","J-pop"
"無罪モラトリアム","Shiina Ringo","1999","Manual","https://www.discogs.com/master/563227","2258062","Pop; Rock","Alternative Rock; J-pop"
"Cardcaptor Sakura Original Soundtrack 4 (NHKアニメーション カードキャプターさくら オリジナルサウンドトラック4)","Takayuki Negishi","2000","Manual","https://www.discogs.com/release/17164195","583713","Pop; Stage & Screen","Anison; Soundtrack"
"勝訴ストリップ","Shiina Ringo","2000","Manual","https://www.discogs.com/master/701735","2258062","Electronic; Pop; Rock","Alternative Rock; J-pop"
"絶頂集","Shiina Ringo","2000","Manual","https://www.discogs.com/master/1349257","2258062","Rock","Alternative Rock; Pop Rock"
"All Killer No Filler","Sum 41","2001","Manual","https://www.discogs.com/master/87580","115650","Hip Hop; Rock","Pop Punk; Pop Rock; Punk"
"s-CRY-ed O.S.T.1","Kotaro Nakagawa","2001","Manual","https://www.discogs.com/release/15978378","1055814","Stage & Screen","Anison"
"s-CRY-ed O.S.T.2","Kotaro Nakagawa","2001","Manual","","1055814","Stage & Screen","Score"
"Take Off Your Pants And Jacket","Blink-182","2001","Manual","https://www.discogs.com/master/38108","80395","Rock","Alternative Rock; Pop Rock; Punk"
"千と千尋の神隠し サウンドトラック","Joe Hisaishi","2001","Manual","https://www.discogs.com/master/111105","221662","Classical; Electronic; Stage & Screen","Abstract; Ambient; Anison; Contemporary; Soundtrack"
"Does This Look Infected?","Sum 41","2002","Manual","https://www.discogs.com/master/87583","115650","Rock","Pop Punk"
"唄ひ手冥利 ～其ノ壱～","Shiina Ringo","2002","Manual","https://www.discogs.com/master/1631854","2258062","Electronic; Funk / Soul; Jazz; Pop; Rock","Blues Rock; Chanson; Electro Swing; Garage Rock; Glitch Hop; Neo Soul; Power Pop; Swing; Synth-pop"
"灰羽連盟サウンドトラック ハネノネ","Kow Otani","2002","Manual","https://www.discogs.com/master/310806","352678","Electronic; Folk, World, & Country; Stage & Screen","Anison; Downtempo; Folk; Modern Classical; Score; Soundtrack"
"Blink-182","Blink-182","2003","Manual","https://www.discogs.com/master/38164","80395","Rock","Pop Rock; Punk"
"Flyff Soundtrack","soundTeMP","2003","Manual","","1419316","Electronic","Modern Classical; Soundtrack"
"Metaphorical Music","Nujabes","2003","Manual","https://www.discogs.com/master/344580","194395","Electronic; Hip Hop; Jazz","Cool Jazz; Downtempo; Instrumental; Jazzy Hip-Hop; Trip Hop"
"Meteora","Linkin Park","2003","Manual","https://www.discogs.com/master/74533","40029","Rock","Nu Metal"
"Planetes OST","Kotaro Nakagawa","2003","Manual","","1055814","",""
"The Charlie Brown Suite & Other Favorites","Vince Guaraldi","2003","Manual","https://www.discogs.com/master/1409673","258298","Jazz; Stage & Screen","Cool Jazz; Soundtrack"
"Yokohoma Shopping Log OST","choro club","2003","Manual","","233425","",""
" TV Animation Fullmetal Alchemist Original Soundtrack 1 = TVアニメーション 鋼の錬金術師 オリジナル・サウンドトラック1","Michiru Oshima","2004","Manual","https://www.discogs.com/master/490319","352676","Stage & Screen","Anison; Soundtrack"
"Chuck","Sum 41","2004","Manual","https://www.discogs.com/master/87581","115650","Rock","Alternative Rock; Pop Punk; Punk"
"Encore","Eminem","2004","Manual","https://www.discogs.com/master/19892","38661","Hip Hop",""
"Samurai Champloo - Music Record Katana","Various","2004","Manual","https://www.discogs.com/master/1008829","194","Electronic; Hip Hop; Stage & Screen","Ambient; Hip Hop; Soundtrack"
"Samurai Champloo Music Record - Departure","Nujabes, Fat Jon","2004","Manual","https://www.discogs.com/master/112521","194395; 31995","Electronic; Hip Hop; Stage & Screen","Anison; Downtempo; Instrumental; Jazzy Hip-Hop; Soundtrack; Trip Hop"
"Samurai Champloo Music Record - Impression","Force Of Nature, Nujabes, Fat Jon","2004","Manual","https://www.discogs.com/master/112523","9962; 194395; 31995","Electronic; Hip Hop; Stage & Screen","Anison; Breakbeat; Downtempo; Instrumental; Jazzy Hip-Hop; Soundtrack; Trip Hop"
"The Essential Isley Brothers","The Isley Brothers","2004","Manual","https://www.discogs.com/master/570591","47512","Funk / Soul","Funk; Rhythm & Blues; Soul"
"TV Animation Fullmetal Alchemist Original Soundtrack 2 = TVアニメーション 鋼の錬金術師 オリジナル・サウンドトラック2","Michiru Oshima","2004","Manual","https://www.discogs.com/master/723185","352676","Stage & Screen","Anison; Soundtrack"
"World Of Warcraft Soundtrack","Jason Hayes","2004","Manual","https://www.discogs.com/master/102564","371581","Electronic; Stage & Screen","Ambient; Modern Classical; Soundtrack; Video Game Music"
"ゲームサウンドミュージアム ～ファミコン編～ 10 ゼルダの伝説 = Game Sound Museum ~Famicom Edition~ 10 The Legend Of Zelda","Koji Kondo","2004","Manual","https://www.discogs.com/release/1227562","43032","Electronic; Stage & Screen","Chiptune; Video Game Music"
"ハウルの動く城 サウンドトラック = Howl's Moving Castle","Joe Hisaishi","2004","Manual","https://www.discogs.com/master/746230","221662","Classical; Stage & Screen","Anison; Neo-Romantic; Soundtrack"
"教育","Tokyo Jihen","2004","Manual","https://www.discogs.com/master/431087","2257146","Jazz; Rock","Alternative Rock; Fusion; J-Rock"
"Aria the ANIMATION OST","choro club","2005","Manual","","233425","",""
"TV Animation Fullmetal Alchemist Original Soundtrack 3 = TVアニメーション 鋼の錬金術師 オリジナル・サウンドトラック3","Michiru Oshima","2005","Manual","https://www.discogs.com/master/620685","352676","Pop; Rock; Stage & Screen","Anison; Soundtrack"
"「蟲師」 オリジナル サウンドトラック 蟲音 後","Toshio Masuda","2006","Manual","https://www.discogs.com/release/5619205","2906439","Electronic; Folk, World, & Country; Stage & Screen","Anison; Soundtrack"
"Aria the NATURAL OST","choro club","2006","Manual","","233425","",""
"Dedication 2","DJ Drama, Lil Wayne","2006","Manual","https://www.discogs.com/master/330492","383281; 1065010","Hip Hop","Crunk; Thug Rap"
"Baccano! Original Soundtrack ""Spiral Melodies""","Makoto Yoshimori","2007","Manual","https://www.discogs.com/release/13301269","3704893","Stage & Screen",""
"Code Geass Lelouch Of The Rebellion O.S.T.","Hitomi","2007","Manual","https://www.discogs.com/release/6304521","384738","Stage & Screen","Soundtrack"
"Da Drought 3","Lil Wayne","2007","Manual","https://www.discogs.com/master/1635371","1065010","Hip Hop","Abstract; Gangsta"
"Minutes To Midnight","Linkin Park","2007","Manual","https://www.discogs.com/master/74541","40029","Rock","Alternative Rock"
"The Walk","Hanson","2007","Manual","https://www.discogs.com/master/740450","74166","Pop",""
"Underclass Hero","Sum 41","2007","Manual","https://www.discogs.com/master/229064","115650","Rock","Alternative Rock; Pop Rock; Punk"
"平成風俗","Shiina Ringo, Neko Saito","2007","Manual","https://www.discogs.com/master/747772","2258062; 352674","Electronic; Jazz; Latin; Pop; Rock; Stage & Screen","Big Band; Cabaret; Cha-Cha; Musette; Swing; Symphonic Rock; Synth-pop; Tango; Trip Hop"
"19","Adele","2008","Manual","https://www.discogs.com/master/28398","819015","Blues; Funk / Soul; Jazz; Pop","Acoustic; Neo Soul; Piano Blues"
"Aria the ORIGINATION OST","choro club","2008","Manual","","233425","",""
"Code Geass Lelouch Of The Rebellion R2 O.S.T.","Various","2008","Manual","https://www.discogs.com/release/6304571","194","Stage & Screen","Soundtrack"
"Evangelion:1.0 You Are (Not) Alone. Original Sound Track","Shiro Sagisu","2008","Manual","https://www.discogs.com/master/1706149","388815","Classical; Pop; Stage & Screen","Anison; J-pop; Soundtrack"
"Himawari","Eri Kawai","2008","Manual","","1273398","",""
"One Of The Boys","Katy Perry","2008","Manual","https://www.discogs.com/master/90990","971243","Pop; Rock","Pop Rock; Soft Rock"
"Soul Eater Original Soundtrack Vol. 2","Taku Iwasaki","2008","Manual","https://www.discogs.com/release/6079393","469416","Pop","J-pop"
"Soul Eater: Original Soundtrack 1 = ソウルイーター オリジナルサウンドトラック1","Taku Iwasaki","2008","Manual","https://www.discogs.com/release/12370202","469416; 469416","Stage & Screen","Soundtrack"
"Tengen Toppa Gurren Lagann Original Soundtrack = 天元突破グレンラガン オリジナル・サウンドトラック","Taku Iwasaki","2008","Manual","https://www.discogs.com/master/1152969","469416; 469416","Stage & Screen","Soundtrack"
"World Of Warcraft: Wrath Of The Lich King Soundtrack","Russell Brower, Derek Duke, Glenn Stafford","2008","Manual","https://www.discogs.com/master/102422","197376; 371580; 371583","Classical; Folk, World, & Country; Stage & Screen","Contemporary; Folk; Soundtrack; Video Game Music"
"ランプ幻想 ","Lamp","2008","Manual","https://www.discogs.com/master/1365980","4187041","Jazz; Pop",""
"8 Years Of Blood, Sake And Tears: The Best Of Sum 41 2000-2008","Sum 41","2008","Manual","https://www.discogs.com/master/753261","115650","Rock",""
"Code Geass Complete Best","Various","2009","Manual","https://www.discogs.com/release/9466417","194","Stage & Screen","Anison; Soundtrack"
"Dawn Metropolis","Anamanaguchi","2009","Manual","https://www.discogs.com/master/166054","667233","Electronic; Pop; Rock","Bitpop; Chiptune; Power Pop; Punk"
"Evangelion:2.0 You Can (Not) Advance. Original Sound Track","Shiro Sagisu","2009","Manual","https://www.discogs.com/master/1218882","388815","Stage & Screen","Anison; Soundtrack"
"Fullmetal Alchemist Original Soundtrack 1","Akira Senju","2009","Manual","https://www.discogs.com/master/3086007","404062","Stage & Screen","Anison; Soundtrack"
"Playing The Piano","Ryuichi Sakamoto","2009","Manual","https://www.discogs.com/master/467326","5087","Classical","Ambient; Contemporary; Experimental; Neo-Classical"
"This Is My Shit","80Kidz","2009","Manual","https://www.discogs.com/release/1893234","1191041","Electronic","Disco; Electro"
"Vocalostar Feat. Hatsune Miku","Various","2009","Manual","https://www.discogs.com/release/11127768","194","Electronic; Pop","J-pop"
"坂道のアポロン オリジナル・サウンドトラック = Sakamichi No Apollon Original Soundtrack","Various","2009","Manual","https://www.discogs.com/release/15905347","194","Jazz",""
"Fullmetal Alchemist Original Soundtrack 2","Akira Senju","2010","Manual","https://www.discogs.com/master/3015629","404062","Stage & Screen","Anison; Soundtrack"
"Fullmetal Alchemist Original Soundtrack 3","Akira Senju","2010","Manual","https://www.discogs.com/master/3015620","404062","Stage & Screen","Anison; Soundtrack"
"Ho-Kago Mashup Time!! EP","nakinkyo","2010","Manual","","","Pop; Hip Hop",""
"Panty & Stocking With Garterbelt (The Original Soundtrack)","Taku Takahashi, TCY Force","2010","Manual","https://www.discogs.com/release/2618922","97710; 2064538","Electronic; Pop; Stage & Screen","Anison; Electro; House; J-pop; Soundtrack; Synth-pop"
"Plants vs. Zombies Original Soundtrack","Laura Shigihara","2010","Manual","https://www.discogs.com/release/3693316","2809691","Children's; Classical; Electronic; Pop","Classical; Modern Classical; Synth-pop"
"Teenage Dream","Katy Perry","2010","Manual","https://www.discogs.com/master/271611","971243","Electronic; Pop","Synth-pop"
"The Social Network","Trent Reznor, Atticus Ross","2010","Manual","https://www.discogs.com/master/288577","27457; 259284","Electronic; Stage & Screen","Ambient; Experimental; Industrial; Score"
"World Of Warcraft: Cataclysm Soundtrack","Various","2010","Manual","https://www.discogs.com/master/500181","194","Classical; Stage & Screen","Contemporary; Soundtrack; Video Game Music"
"刀語 劇中楽曲集　其ノ壱 = Katanagatari Original Soundtrack Vol. 1","Taku Iwasaki","2010","Manual","https://www.discogs.com/release/13581967","469416","Stage & Screen","Soundtrack"
"Music of the Prohibition Era (1920-1940)","Jeremy Sherman","2011","Manual","","1732727","Jazz",""
"nakinyko's Mashups (2008-2011)","nakinkyo","2011","Manual","","","Pop",""
"Spiritual State","Nujabes","2011","Manual","https://www.discogs.com/master/415074","194395","Electronic; Hip Hop; Jazz","Cool Jazz; Instrumental; Jazzy Hip-Hop"
"Unhappy Refrain","Wowaka","2011","Manual","https://www.discogs.com/release/3802068","2879562","Electronic; Rock","Electro"
"Vocaloid Best From ニコニコ動画[あか]","Various","2011","Manual","https://www.discogs.com/master/1604016","194","Electronic; Pop","J-pop"
"1999","Joey Bada$$","2012","Manual","https://www.discogs.com/master/570834","3057476","Hip Hop","Boom Bap; Conscious"
"Born And Raised","John Mayer","2012","Manual","https://www.discogs.com/master/443931","254479","Rock","Blues Rock; Country Rock; Folk Rock"
"Motorway","Fearofdark","2012","Manual","https://www.discogs.com/master/2330650","2144667","Electronic; Jazz","Chiptune; Fusion"
"Music","Rest Or Stay?","2012","Manual","https://www.discogs.com/release/11701440","6360177","Electronic; Pop; Rock","House; J-pop; Synth-pop"
"nakinyko's Other Mashups (2009-2012)","nakinkyo","2012","Manual","","","Pop",""
"Because The Internet","Childish Gambino","2013","Manual","https://www.discogs.com/master/629407","2482309","Electronic; Funk / Soul; Hip Hop; Pop","Abstract; Conscious; Contemporary R&B"
"Butterfly Case","Cuushe","2013","Manual","https://www.discogs.com/master/642335","1530779","Electronic; Pop","Ambient; Experimental"
"Evangelion:3.33 You Can (Not) Redo. Original Sound Track","Shiro Sagisu","2013","Manual","https://www.discogs.com/release/4521267","388815","Stage & Screen","Anison; Soundtrack"
"Gravity Mash_","nakinkyo","2013","Manual","","","Pop",""
"Kill La Kill Original Soundtrack = キルラキル オリジナルサウンドトラック","Hiroyuki Sawano","2013","Manual","https://www.discogs.com/release/5417674","2070111; 2070111","Pop; Stage & Screen","Anison; J-pop; Soundtrack"
"nakinyko's Mashups (2012-2013)","nakinkyo","2013","Manual","","","Pop",""
"Paradise Valley","John Mayer","2013","Manual","https://www.discogs.com/master/586053","254479","Folk, World, & Country; Rock","Country Rock; Soft Rock"
"Prism","Katy Perry","2013","Manual","https://www.discogs.com/master/609366","971243","Electronic; Pop","Ballad; Dance-pop; Europop; Synth-pop"
"Pure Heroine","Lorde","2013","Manual","https://www.discogs.com/master/602071","3317315","Pop","Alt-Pop; Indie Pop; Synth-pop"
"Summer Knights","Joey Bada$$","2013","Manual","https://www.discogs.com/master/2518405","3057476","Hip Hop",""
"風立ちぬ (サウンドトラック)","Joe Hisaishi","2013","Manual","https://www.discogs.com/master/1713518","221662","Stage & Screen","Anison; Soundtrack"
"魔法少女まどか☆マギカ Music Collection = Puella Magi Madoka Magica Music Collection ","Yuki Kajiura","2013","Manual","https://www.discogs.com/master/1309813","296240","Classical; Rock; Stage & Screen","Acoustic; Anison; Classical; Hard Rock"
"True","Avicii","2013","Manual","https://www.discogs.com/master/598492","1235958","Electronic; Pop","Dance-pop; Euro House; House; Progressive House"
"Before The Night","HOME","2014","Manual","https://www.discogs.com/master/1158566","4261543","Electronic","Ambient; Chillwave; Synthwave; Vaporwave"
"Bulletproof Picasso","Train","2014","Manual","https://www.discogs.com/master/735828","295763","Pop; Rock","Folk Rock; Pop Rock"
"Flamingo","Kero Kero Bonito","2014","Manual","https://www.discogs.com/master/1663092","3270231","Electronic; Pop","Indie Pop"
"Free Soul Nujabes First Collection","Various","2014","Manual","https://www.discogs.com/release/6444878","194","Electronic; Hip Hop","Downtempo; Instrumental; Jazzy Hip-Hop"
"Free Soul Nujabes Second Collection","Various","2014","Manual","https://www.discogs.com/release/6444932","194","Electronic; Hip Hop","Downtempo; Instrumental; Jazzy Hip-Hop"
"Kill la Kill 5 + Original Soundtrack Vol. 2 = キルラキル オリジナルサウンドトラック Vol.2","Hiroyuki Sawano","2014","Manual","https://www.discogs.com/release/7384099","2070111; 2070111","Electronic; Pop; Stage & Screen","Anison; J-pop; Soundtrack"
"Nagi No Asukara Original Soundtrack 1 = 凪のあすから オリジナル サウンドトラック １","Various","2014","Manual","https://www.discogs.com/release/12186480","194","Classical","Modern"
"Nagi no Asukara Original Soundtrack 2","Various","2014","Manual","https://www.discogs.com/release/12187203","194","Classical","Modern"
"Noragami Original Soundtrack","Taku Iwasaki","2014","Manual","","469416","Stage & Screen",""
"Play","Akdong Musician","2014","Manual","https://www.discogs.com/master/3211590","4690557","Pop","K-pop"
"Ultraviolence","Lana Del Rey","2014","Manual","https://www.discogs.com/master/697600","2445772","Pop; Rock","Ballad; Dream Pop; Indie Pop; Indie Rock; Psychedelic Rock"
"VA-11 HALL-A Prologue OST - Sounds From The Future","Garoad","2014","Manual","https://www.discogs.com/master/961195","4894836","Electronic; Jazz; Stage & Screen","Ambient; Easy Listening; Soundtrack; Synthwave"
"残響のテロル Original Soundtrack","Yoko Kanno","2014","Manual","https://www.discogs.com/master/1497281","245252","Electronic","Soundtrack"
"残響のテロル Original Soundtrack 2 -Crystalized-","Yoko Kanno","2014","Manual","https://www.discogs.com/master/1497282","245252","Electronic","Soundtrack"
"Another One","Mac DeMarco","2015","Manual","https://www.discogs.com/master/865270","2568722","Rock","Indie Rock"
"B4.DA.$$","Joey Bada$$","2015","Manual","https://www.discogs.com/master/786290","3057476","Hip Hop","Boom Bap; Conscious; Jazzy Hip-Hop"
"Blurryface","Twenty One Pilots","2015","Manual","https://www.discogs.com/master/847527","3128936","Electronic; Hip Hop; Pop; Rock","Alternative Rock; Indie Rock; Synth-pop"
"Ego Death","The Internet","2015","Manual","https://www.discogs.com/master/905839","2558141","Funk / Soul; Hip Hop","Contemporary R&B"
"Fake Book","Fake Type.","2015","Manual","https://www.discogs.com/master/2234620","4459455","Electronic; Hip Hop","Dance-pop; Drum n Bass; Electro Swing; Jazzy Hip-Hop"
"GO:OD AM","Mac Miller","2015","Manual","https://www.discogs.com/master/923366","2165577","Hip Hop",""
"Kirara EP","Snail's House","2015","Manual","https://www.discogs.com/release/8431077","4072768","Electronic","Breakcore; Drum n Bass; Dubstep; Happy Hardcore"
"Luv(sic) Hexalogy","Nujabes, Shing02","2015","Manual","https://www.discogs.com/master/1457350","194395; 99172","Hip Hop","Jazzy Hip-Hop"
"nakinyko's Mashups (2014-2015)","nakinkyo","2015","Manual","","","Pop",""
"Product","Sophie","2015","Manual","https://www.discogs.com/master/950910","3150192","Electronic; Pop","Bass Music; Dance-pop; Deconstructed Club; Hyperpop; Trap; UK Garage"
"Sprained Ankle","Julien Baker","2015","Manual","https://www.discogs.com/master/914052","4698761","Rock","Acoustic; Indie Rock"
"Stories","Avicii","2015","Manual","https://www.discogs.com/master/893523","1235958","Electronic; Pop","Dance-pop; Euro House; House; Synth-pop; Tropical House"
"The Story Begins","Twice","2015","Manual","https://www.discogs.com/master/1188875","4786543","Pop","K-pop"
"Undertale Soundtrack","Toby Fox","2015","Manual","https://www.discogs.com/master/1053720","4697894","Electronic; Stage & Screen","Chiptune; Modern Classical; Soundtrack; Video Game Music"
"어드벤처","Oohyo","2015","Manual","https://www.discogs.com/master/2046634","6296488","Electronic; Pop","Indie Pop"
"130 Mood: TRBL","Dean","2016","Manual","https://www.discogs.com/master/1437453","5127097","Funk / Soul; Hip Hop; Pop","Contemporary R&B"
"BAE 2","Yung Bae","2016","Manual","https://www.discogs.com/master/1513999","4015361","Electronic","Vaporwave"
"Bedroom Bedrock","Trial of the Golden Witch","2016","Manual","https://www.discogs.com/release/13813955","7237566","Hip Hop",""
"Bitter Suites","Travis Bretzer","2016","Manual","https://www.discogs.com/release/9045089","2769574","Pop","Indie Pop"
"Bottomless Pit","Death Grips","2016","Manual","https://www.discogs.com/master/996986","2225756","Electronic; Hip Hop; Rock","Experimental; Hardcore Hip-Hop; Rhythmic Noise"
"Dream Castle","Ujico","2016","Manual","https://www.discogs.com/release/10302366","3527402","Electronic","Dance-pop; Electro; Techno"
"Guilty Crown Complete Soundtrack","Hiroyuki Sawano","2016","Manual","https://www.discogs.com/release/17889943","2070111; 2070111","Stage & Screen","Anison; Soundtrack"
"Imperial","Denzel Curry","2016","Manual","https://www.discogs.com/master/1125377","2894422","Hip Hop","Hardcore Hip-Hop; Trap"
"In My Room","Jacob Collier","2016","Manual","https://www.discogs.com/master/1083109","4674871","Jazz",""
"Love Story","Snail's House","2016","Manual","https://www.discogs.com/release/10799076","4072768","Electronic","Techno"
"Noragami Aragoto Original Soundtrack - Noragami No Oto 2","Taku Iwasaki","2016","Manual","https://www.discogs.com/release/13310098","469416","Stage & Screen","Soundtrack"
"Ordinary Songs","Snail's House","2016","Manual","https://www.discogs.com/release/10799039","4072768","Electronic","Chillwave; Techno"
"Ordinary Songs 2","Snail's House","2016","Manual","https://www.discogs.com/release/10799056","4072768","Electronic","Chillwave; Techno"
"Page Two","Twice","2016","Manual","https://www.discogs.com/master/1093086","4786543","Pop","K-pop"
"Ping Pong the Animation Original Soundtrack","Kensuke Ushio","2016","Manual","","1047921","Electronic","Soundtrack; Video Game Music"
"Stoney","Post Malone","2016","Manual","https://www.discogs.com/master/1104653","4016434","Hip Hop","Cloud Rap; Pop Rap; Trap"
"Sword Art Online Music Collection","Yuki Kajiura","2016","Manual","https://www.discogs.com/master/1437392","296240","Stage & Screen","Anison; Soundtrack"
"The Divine Feminine","Mac Miller","2016","Manual","https://www.discogs.com/master/1100395","2165577","Hip Hop",""
"VA​-​11 HALL​-​A - Second Round","Garoad","2016","Manual","https://www.discogs.com/release/8142804","4894836","Electronic; Stage & Screen","Soundtrack; Synthwave"
"Vroom Vroom EP","Charli XCX","2016","Manual","https://www.discogs.com/master/966120","1345479","Electronic; Hip Hop; Pop","Deconstructed Club; Electro; Experimental; Hyperpop"
"사춘기 上","Akdong Musician","2016","Manual","https://www.discogs.com/master/1049121","4690557","Folk, World, & Country; Pop","Folk; K-pop"
"[FLOWERS]","Snail's House","2017","Manual","","4072768","Electronic","Breakcore; Drum n Bass; Dubstep; Happy Hardcore"
"3月のライオン オリジナルサウンドトラック1","Yukari Hashimoto","2017","Manual","","1061814","",""
"All-Amerikkkan Bada$$","Joey Bada$$","2017","Manual","https://www.discogs.com/master/1160934","3057476","Hip Hop","Conscious"
"Awaken, My Love!","Childish Gambino","2017","Manual","https://www.discogs.com/master/1112335","2482309","Funk / Soul","Contemporary R&B; Funk; Neo Soul; Psychedelic"
"Best Selection ~Blanc~","Aimer","2017","Manual","https://www.discogs.com/master/2551424","4280542","Pop","J-pop"
"Best Selection ~Noir~","Aimer","2017","Manual","https://www.discogs.com/master/2551421","4280542","Pop","J-pop"
"Crypt Of The Necrodancer","Danny Baranowsky","2017","Manual","https://www.discogs.com/master/1231160","2559936","Electronic; Stage & Screen","Soundtrack; Video Game Music"
"Cuphead - Original Soundtrack","Kristofer Maddigan","2017","Manual","https://www.discogs.com/master/1245383","5457756","Jazz; Stage & Screen","Big Band; Soundtrack; Video Game Music"
"Fantasy","Night Tempo","2017","Manual","https://www.discogs.com/master/1185100","4916401","Electronic; Pop","J-pop; Nu-Disco; Vaporwave"
"Fate/Zero Original Soundtrack","Yuki Kajiura","2017","Manual","https://www.discogs.com/release/17888785","296240","Stage & Screen","Anison; Soundtrack"
"Gay and Dead","Trial of the Golden Witch","2017","Manual","https://www.discogs.com/release/13813914","7237566","Hip Hop",""
"nakinyko's Other Mashups (2013-2017)","nakinkyo","2017","Manual","","","Pop",""
"Nighty Tape","Night Tempo","2017","Manual","https://www.discogs.com/master/1287994","4916401","Electronic; Funk / Soul; Hip Hop; Pop","Experimental; Funk; Vaporwave"
"No_One Ever Really Dies","N*E*R*D","2017","Manual","https://www.discogs.com/master/1284096","145843","Hip Hop",""
"Ordinary Songs 3","Snail's House","2017","Manual","https://www.discogs.com/release/10799060","4072768","Electronic","Chillwave; Techno"
"The Never Story","J.I.D","2017","Manual","https://www.discogs.com/master/1355258","7246829","Hip Hop","Conscious"
"The Red, White, And Black","Demondice","2017","Manual","https://www.discogs.com/release/17637523","7940230","Electronic; Hip Hop","Electro Swing"
"The Search For Everything","John Mayer","2017","Manual","https://www.discogs.com/master/1164931","254479","Rock","Soft Rock"
"Twicetagram","Twice","2017","Manual","https://www.discogs.com/master/1352453","4786543","Pop","K-pop"
"VA-11 HALL-A EX - Bonus Tracks Collection","Garoad","2017","Manual","https://www.discogs.com/release/11492077","4894836","Electronic","Ambient; Synthwave; Vaporwave"
"?","Xxxtentacion","2018","Manual","https://www.discogs.com/master/1372458","5349997","Hip Hop; Rock","Alternative Rock; Emo; Trap"
"✴","Trial of the Golden Witch","2018","Manual","","7237566","","Experimental"
"American Saikoro","Demondice","2018","Manual","https://www.discogs.com/release/17637304","7940230","Hip Hop",""
"Astroworld","Travis Scott","2018","Manual","https://www.discogs.com/master/1435589","2742944","Hip Hop","Pop Rap; Psychedelic; Trap"
"Ballads 1","Joji","2018","Manual","https://www.discogs.com/master/1443662","5356392","Electronic; Funk / Soul; Hip Hop; Pop; Rock","Contemporary R&B; Funk; Hip Hop; Lo-Fi; Synth-pop; Trap; Trip Hop"
"Blood Blockade Battlefront & Beyond Original Soundtrack","Taisei Iwasaki","2018","Manual","https://www.discogs.com/master/2443828","5642027","Jazz; Pop; Stage & Screen","Anison; Soundtrack; Theme"
"Boygenius","Boygenius","2018","Manual","https://www.discogs.com/master/1443762","6774153","Folk, World, & Country; Pop; Rock","Folk"
"Diary 001","Clairo","2018","Manual","https://www.discogs.com/master/1403127","6512329","Pop","Bubblegum; Indie Pop; Lo-Fi"
"Goodbye & Good Riddance","Juice WRLD","2018","Manual","https://www.discogs.com/master/1456983","6430933","Hip Hop","Emo; Pop Rap; Trap"
"Hi-Fi POPS","ORESAMA","2018","Manual","https://www.discogs.com/release/13989194","5067540","Electronic; Funk / Soul; Pop","Disco; Downtempo; Electro; Funk; J-pop"
"Historian","Lucy Dacus","2018","Manual","https://www.discogs.com/master/1326345","4902515","Rock","Indie Rock"
"Iridescence","Brockhampton","2018","Manual","https://www.discogs.com/master/1426558","4581123","Hip Hop","Contemporary R&B; Experimental; Hardcore Hip-Hop; Pop Rap"
"L'été","Snail's House","2018","Manual","https://www.discogs.com/release/12343171","4072768","Electronic","Experimental"
"Marc Rebillet","Marc Rebillet","2018","Manual","https://www.discogs.com/release/13929025","6332694","Electronic; Funk / Soul; Non-Music; Pop","Comedy; Funk; Rhythm & Blues; Soul"
"Moonrise","Night Tempo","2018","Manual","https://www.discogs.com/master/1366848","4916401","Electronic; Pop","Disco; J-pop; Vaporwave"
"Ordinary Songs 4","Snail's House","2018","Manual","https://www.discogs.com/release/11872981","4072768","Electronic","Chillwave; Techno"
"RWBY Volume 5 Soundtrack","Jeff Williams","2018","Manual","https://www.discogs.com/release/12373786","4595569","Rock; Stage & Screen","Score; Soundtrack"
"Snö","Snail's House","2018","Manual","https://www.discogs.com/release/11873016","4072768","Electronic","Chillwave"
"Stokeley","Ski Mask The Slump God","2018","Manual","https://www.discogs.com/master/1493571","5619110","Hip Hop","Hardcore Hip-Hop; Trap"
"Summer Nights","Twice","2018","Manual","https://www.discogs.com/master/1397975","4786543","Pop","K-pop"
"Swimming","Mac Miller","2018","Manual","https://www.discogs.com/master/1403861","2165577","Funk / Soul; Hip Hop","Disco; Jazzy Hip-Hop; Trap"
"Time 'n' Place","Kero Kero Bonito","2018","Manual","https://www.discogs.com/master/1432117","3270231","Pop; Rock","Experimental; Indie Pop; Indie Rock; Pop Punk"
"TOTEP","Kero Kero Bonito","2018","Manual","https://www.discogs.com/master/1441647","3270231","Electronic; Pop; Rock","Alternative Rock; Experimental; Indie Pop"
"Yes Or Yes","Twice","2018","Manual","https://www.discogs.com/master/1462266","4786543","Pop","K-pop"
"彼女の時計","Lamp","2018","Manual","https://www.discogs.com/master/1362402","4187041","Pop; Rock","Indie Pop; J-pop"
"834.194","Sakanaction","2019","Manual","https://www.discogs.com/release/13939111","1587312","Electronic; Pop; Rock","J-Rock; J-pop; New Wave; Synth-pop"
"1UP","T-Pain","2019","Manual","https://www.discogs.com/master/2555828","382934","Funk / Soul; Hip Hop","Contemporary R&B; Pop Rap"
"2030","Lexie Liu","2019","Manual","https://www.discogs.com/release/17934163","6269213","Electronic; Funk / Soul; Hip Hop; Pop","Contemporary R&B; Dance-pop; Mandopop; Pop Rap; Trap"
"Death Race For Love","Juice WRLD","2019","Manual","https://www.discogs.com/master/1560692","6430933","Hip Hop; Rock","Emo; Trap"
"Ginger","Brockhampton","2019","Manual","https://www.discogs.com/master/1645717","4581123","Hip Hop; Pop","Conscious; Contemporary R&B; Pop Rap; Trap"
"Hot Pink","Doja Cat","2019","Manual","https://www.discogs.com/master/1692792","3970719","Funk / Soul; Hip Hop; Pop","Contemporary R&B; Disco; Funk; Pop Rap; Soul"
"Kakigori Galaxy Astronaut","Demondice","2019","Manual","https://www.discogs.com/master/2308129","7940230","Hip Hop; Pop","Pop Rap"
"Nine","Blink-182","2019","Manual","https://www.discogs.com/master/1607996","80395","Rock","Pop Punk; Pop Rock"
"Pacific Breeze: Japanese City Pop, AOR And Boogie 1976-1986","Various","2019","Manual","https://www.discogs.com/master/1539822","194","Funk / Soul; Jazz; Pop","AOR; Boogie; City Pop; Contemporary R&B; Disco; Funk; Fusion"
"Scenery","Snail's House","2019","Manual","https://www.discogs.com/release/13307602","4072768","Electronic","Downtempo; Instrumental"
"Schlagenheim","Black Midi","2019","Manual","https://www.discogs.com/master/1567054","6447017","Rock","Art Rock; Experimental; Math Rock"
"Shea Butter Baby","Ari Lennox","2019","Manual","https://www.discogs.com/master/1610884","4792952","Funk / Soul",""
"Sound & Fury","Sturgill Simpson","2019","Manual","https://www.discogs.com/master/1612030","3388603","Rock",""
"Strange Fiction","Demondice","2019","Manual","https://www.discogs.com/release/17635738","7940230","Hip Hop; Pop","Pop Rap"
"The Legend of Zelda: A Link to the Past","Koji Kondo","2019","Manual","https://www.discogs.com/master/1526943","43032","Electronic; Stage & Screen","Chiptune; Soundtrack; Video Game Music"
"Utamonogatari (Monogatari Series Theme Songs Compilation Album LP Box)","Various","2019","Manual","https://www.discogs.com/release/14574043","194","Pop; Stage & Screen","Anison; J-pop; Soundtrack"
"What's Meant To Be","さよならポニーテール","2019","Manual","https://www.discogs.com/release/13751130","2971103","Pop",""
"Zuu","Denzel Curry","2019","Manual","https://www.discogs.com/master/1573890","2894422","Hip Hop","Gangsta; Hardcore Hip-Hop; Trap"
"성난 도시로부터 멀리","Oohyo","2019","Manual","https://www.discogs.com/master/2046556","6296488","Pop","K-pop; Synth-pop"
"アンチサイクロン","稲葉曇","2019","Manual","https://www.discogs.com/release/15083610","7304220","Electronic; Rock","Alternative Rock"
"3.15.20","Childish Gambino","2020","Manual","https://www.discogs.com/master/1705494","2482309","Electronic; Funk / Soul; Hip Hop","Contemporary R&B; Downtempo; Leftfield; Neo Soul"
"Alkatraz","Demondice","2020","Manual","https://www.discogs.com/release/15447293","7940230","Electronic; Hip Hop","Electro Swing"
"Circles","Mac Miller","2020","Manual","https://www.discogs.com/master/1669934","2165577","Blues; Funk / Soul; Hip Hop","Conscious"
"Cursed Night","Mori Calliope","2020","Manual","https://www.discogs.com/release/20495464","8393361","Hip Hop","Pop Rap"
"Dead Beats","Mori Calliope","2020","Manual","https://www.discogs.com/release/17921032","8393361","Hip Hop","Pop Rap"
"Look Around","Danielle Ponder, Karate Boogaloo","2020","Manual","https://www.discogs.com/release/16199287","8262043; 5447526","Funk / Soul",""
"nakinyko's Mashups (2018-2020)","nakinkyo","2020","Manual","","","Pop",""
"Nectar","Joji","2020","Manual","https://www.discogs.com/master/1814241","5356392","Electronic; Funk / Soul; Pop; Rock","Alternative Rock; Ballad; Contemporary R&B; Indie Pop; Soul; Synth-pop"
"Niagara","Redveil","2020","Manual","https://www.discogs.com/master/2468278","8370315","Hip Hop; Jazz",""
"Ordinary Songs 5","Snail's House","2020","Manual","","4072768","Electronic","Chillwave; Techno"
"Pacific Breeze 2: Japanese City Pop, AOR And Boogie 1972-1986","Various","2020","Manual","https://www.discogs.com/master/1730078","194","Funk / Soul; Jazz; Pop; Rock","AOR; Boogie; City Pop; Fusion"
"Pang","Caroline Polachek","2019","Manual","https://www.discogs.com/master/1673833","1269616","Electronic; Pop","Downtempo; Indie Pop; Leftfield"
"return to a world of love","Trial of the Golden Witch","2020","Manual","","7237566","Hip Hop",""
"Sin Miedo (Del Amor Y Otros Demonios) ∞","Kali Uchis","2020","Manual","https://www.discogs.com/master/2008708","3741760","Funk / Soul; Latin; Pop","Contemporary R&B; Reggaeton"
"The K.K. Sessions","The 8-Bit Big Band","2020","Manual","","8619639","Jazz; Stage & Screen","Big Band; Fusion; Swing; Video Game Music"
"The Light Pack","Joey Bada$$","2020","Manual","https://www.discogs.com/master/1788467","3057476","Hip Hop",""
"おれは錯乱前戦だ!!","錯乱前戦","2020","Manual","https://www.discogs.com/master/2379961","8085621","Rock",""
"An Evening With Silk Sonic","Silk Sonic","2021","Manual","https://www.discogs.com/master/2375386","8897713","Funk / Soul","Contemporary R&B; Disco; Funk; Soul"
"ARIA the CREPUSCULO OST","choro club","2021","Manual","","233425","",""
"Backwards Compatible","The 8-Bit Big Band","2021","Manual","https://www.discogs.com/master/3310270","8619639","Jazz; Stage & Screen","Big Band; Fusion; Swing; Video Game Music"
"Civilisation","Kero Kero Bonito","2021","Manual","https://www.discogs.com/master/2292718","3270231","Electronic; Pop","Experimental; House; Indie Pop; Synth-pop"
"End Of A Life","Mori Calliope","2021","Manual","https://www.discogs.com/release/20496118","8393361","Hip Hop","Pop Rap"
"GAMI GANG","Origami Angel","2021","Manual","https://www.discogs.com/master/2111398","6312474","Rock","Emo; Pop Punk"
"Ginga","さよならポニーテール","2021","Manual","https://www.discogs.com/release/21140953","2971103","Pop",""
"Gotta Record Everything Good","First Of October","2021","Manual","https://www.discogs.com/master/2818406","10137289","Rock","Indie Rock"
"Hololive English -Myth- Image Soundtrack","Hololive English -Myth-, Camellia","2021","Manual","https://www.discogs.com/release/19757260","9782452; 1569272","Stage & Screen","Soundtrack"
"Hurricane Season","Vizier and the Golden Witch","2021","Manual","","7237566","Hip Hop",""
"Ibasho = 居場所","Mori Calliope","2021","Manual","https://www.discogs.com/release/20495782","8393361","Pop","J-pop"
"Kura Kura","Twice","2021","Manual","https://www.discogs.com/master/2735321","4786543","Pop","J-pop; K-pop"
"Montero","Lil Nas X","2021","Manual","https://www.discogs.com/master/2720402","7080995","Hip Hop; Pop; Rock","Alternative Rock; Contemporary R&B; Pop Rap; Pop Rock; Trap"
"Off With Their Heads","Mori Calliope","2021","Manual","https://www.discogs.com/release/20495626","8393361","Hip Hop","Pop Rap"
"Planet Her","Doja Cat","2021","Manual","https://www.discogs.com/master/2189101","3970719","Funk / Soul; Hip Hop; Pop","Contemporary R&B; Dance-pop; Pop Rap"
"Reflect","Gawr Gura","2021","Manual","https://www.discogs.com/release/19223458","9547318","Pop","J-pop"
"Scaled And Icy","Twenty One Pilots","2021","Manual","https://www.discogs.com/master/2136136","3128936","Pop; Rock","Indie Pop; Indie Rock"
"Sob Rock","John Mayer","2021","Manual","https://www.discogs.com/master/2214418","254479","Pop; Rock","Indie Pop"
"Sonny Boy Soundtrack 1st Half","Various","2021","Manual","https://www.discogs.com/release/19558117","194","Pop; Stage & Screen","Anison; Soundtrack"
"Sonny Boy Soundtrack 2nd Half","Various","2021","Manual","https://www.discogs.com/release/20144281","194","Pop; Stage & Screen","Anison; Soundtrack"
"Spiral Tones","律可, Mori Calliope","2021","Manual","https://www.discogs.com/release/20496385","10093801; 8393361","Pop","J-pop"
"The Melodic Blue","Baby Keem","2021","Manual","https://www.discogs.com/master/2412268","8394033","Hip Hop","Conscious; Pop Rap; Trap"
"Unison","宝鐘マリン","2021","Manual","https://www.discogs.com/release/19978042","8935198","Pop","Electro; J-pop"
"Your Mori.","Mori Calliope","2021","Manual","https://www.discogs.com/master/2299642","8393361","Hip Hop",""
"2000","Joey Bada$$","2022","Manual","https://www.discogs.com/master/2823590","3057476","Hip Hop",""
"Age/Sex/Location","Ari Lennox","2022","Manual","https://www.discogs.com/master/2876725","4792952","Funk / Soul","Contemporary R&B"
"All Night Thing","さよならポニーテール","2022","Manual","https://www.discogs.com/master/3099969","2971103","Pop",""
"Ants From Up There","Black Country, New Road","2022","Manual","https://www.discogs.com/master/2486344","6959133","Rock","Alternative Rock; Art Rock; Post Rock"
"Better Luck Next Time.","Midwxst","2022","Manual","https://www.discogs.com/master/2673170","9008686","Hip Hop",""
"Crash","Charli XCX","2022","Manual","https://www.discogs.com/master/2554859","1345479","Electronic; Pop","Dance-pop; Synth-pop"
"Gemini Rights","Steve Lacy","2022","Manual","https://www.discogs.com/master/2809808","4740695","Funk / Soul; Pop","Indie Pop; Neo Soul; Psychedelic"
"Hellfire","Black Midi","2022","Manual","https://www.discogs.com/master/2707745","6447017","Rock","Art Rock; Experimental; Math Rock"
"Hip Hop 50: Vol. 1","DJ Premier","2022","Manual","https://www.discogs.com/master/2921443","21151","Hip Hop",""
"Honestly, Nevermind","Drake","2022","Manual","https://www.discogs.com/master/2677319","151199","Electronic; Hip Hop","Deep House; House; Pop Rap"
"I Know NIGO!","Nigo","2022","Manual","https://www.discogs.com/master/2648387","9972","Hip Hop",""
"Laurel Hell","Mitski","2022","Manual","https://www.discogs.com/master/2491018","4110740","Rock","Indie Rock"
"Learn 2 Swim","Redveil","2022","Manual","https://www.discogs.com/master/2856385","8370315","Hip Hop","Jazzy Hip-Hop"
"Louie","Kenny Beats","2022","Manual","https://www.discogs.com/master/2788928","2409774","Electronic; Hip Hop","Indie Pop; Instrumental; Jazzy Hip-Hop; Trap"
"Melt My Eyez See Your Future","Denzel Curry","2022","Manual","https://www.discogs.com/master/2798453","2894422","Funk / Soul; Hip Hop","Boom Bap; Conscious; Contemporary R&B; Jazzy Hip-Hop; Neo Soul; Pop Rap; Trap"
"Motomami","Rosalía","2022","Manual","https://www.discogs.com/master/2555024","5648334","Electronic; Hip Hop; Latin; Pop","Alt-Pop; Bachata; Flamenco; Reggaeton; Trap"
"Music from Louis Vuitton Men's Fall-Winter 2022","Tyler, The Creator","2022","Manual","","1967268","Hip Hop",""
"No Thank You","Little Simz","2022","Manual","https://www.discogs.com/master/3133473","3887166","Hip Hop","Conscious"
"Overture","Midnight Grand Orchestra","2022","Manual","https://www.discogs.com/release/24410993","11121395","Electronic; Pop","Electro; J-pop"
"Pixelize","Snail's House","2022","Manual","https://www.discogs.com/master/2960893","4072768","Electronic","Drum n Bass; Dubstep; Future Bass; Trance"
"Q","Mori Calliope, Gawr Gura","2022","Manual","https://www.discogs.com/release/23009696","8393361; 9547318","Electronic; Pop","J-pop; Pop Rap"
"Shinigami Note","Mori Calliope","2022","Manual","https://www.discogs.com/master/2724269","8393361","Hip Hop","Pop Rap"
"Sinderella","Mori Calliope","2022","Manual","https://www.discogs.com/master/2922379","8393361","Hip Hop",""
"Smithereens","Joji","2022","Manual","https://www.discogs.com/master/2851975","5356392","Funk / Soul; Pop","Contemporary R&B; Indie Pop; Lo-Fi"
"The Family","Brockhampton","2022","Manual","https://www.discogs.com/master/2872588","4581123","Hip Hop",""
"The Forever Story","J.I.D","2022","Manual","https://www.discogs.com/master/2763401","7246829","Hip Hop","Conscious; Jazzy Hip-Hop"
"The Tipping Point","Tears For Fears","2022","Manual","https://www.discogs.com/master/2524057","19814","Pop; Rock","Alternative Rock; Indie Pop; Pop Rock"
"TM","Brockhampton","2022","Manual","https://www.discogs.com/master/2885524","4581123","Hip Hop",""
"Unalive","Mori Calliope","2022","Manual","https://www.discogs.com/master/2831585","8393361","Electronic; Hip Hop; Pop","Hip Hop"
"Your Mori. Lo-Fi Album","Mori Calliope","2022","Manual","https://www.discogs.com/release/24225971","8393361","Hip Hop",""
"堕天","Creepy Nuts","2022","Manual","https://www.discogs.com/release/24898949","3939097","Hip Hop; Stage & Screen","Anison; Theme"
"#Twice4","Twice","2022","Manual","https://www.discogs.com/master/3413686","4786543","Pop","K-pop"
"10,000 Gecs","100 Gecs","2023","Manual","https://www.discogs.com/master/3019208","6431239","Electronic; Hip Hop; Pop; Rock","Alternative Rock; Hyperpop; Ska"
"12","Ryuichi Sakamoto","2023","Manual","https://www.discogs.com/master/2952823","5087","Classical; Electronic","Ambient; Modern Classical"
"After The Magic","파란노을","2023","Manual","https://www.discogs.com/master/2957413","9329698","Rock","Art Rock; Indie Rock; Shoegaze"
"BB/ANG3L","Tinashe","2023","Manual","https://www.discogs.com/master/3315169","3519986","Electronic; Funk / Soul; Pop","Bass Music; Contemporary R&B; Trap; UK Garage"
"Burning Desire","Mike","2023","Manual","https://www.discogs.com/master/3279853","5852757","Hip Hop","Jazzy Hip-Hop"
"Desire, I Want To Turn Into You","Caroline Polachek","2023","Manual","https://www.discogs.com/master/2980216","1269616","Electronic; Pop","Alt-Pop; Downtempo; Indie Pop; Leftfield; UK Garage"
"Did You Know That There's A Tunnel Under Ocean Blvd","Lana Del Rey","2023","Manual","https://www.discogs.com/master/3028427","2445772","Pop; Rock","Alt-Pop; Ballad; Baroque Pop; Indie Pop"
"Everything Harmony","The Lemon Twigs","2023","Manual","https://www.discogs.com/master/3084356","4664316","Rock","Pop Rock"
"Fountain Baby","Amaarae","2023","Manual","https://www.discogs.com/master/3231877","7291667","Funk / Soul; Hip Hop; Pop","Afrobeat"
"Guts","Olivia Rodrigo","2023","Manual","https://www.discogs.com/master/3231790","7592689","Pop; Rock","Alt-Pop; Ballad; Indie Pop; Pop Rock; Power Pop"
"Hellmode","Jeff Rosenstock","2023","Manual","https://www.discogs.com/master/3218371","1570913","Rock","Punk"
"I Was Mature For My Age, But I Was Still A Child","Grouptherapy.","2023","Manual","https://www.discogs.com/master/3377191","13759123","Electronic; Funk / Soul; Hip Hop; Rock","Conscious; Experimental; Hip Hop"
"Lahai","Sampha","2023","Manual","https://www.discogs.com/master/3281239","1561067","Electronic; Funk / Soul","Contemporary R&B; Soul"
"Maps","Billy Woods, Kenny Segal","2023","Manual","https://www.discogs.com/master/3085041","886729; 222729","Hip Hop","Abstract; Conscious; Jazzy Hip-Hop"
"One Wayne G","Mac DeMarco","2023","Manual","https://www.discogs.com/master/3336286","2568722","Electronic; Pop","Ambient; Indie Pop; Leftfield; Minimal"
"Pacific Breeze 3: Japanese City Pop, AOR And Boogie 1975-1987","Various","2023","Manual","https://www.discogs.com/master/2995361","194","Funk / Soul; Jazz; Pop; Rock","AOR; Boogie; City Pop; Fusion"
"Quaranta","Danny Brown","2023","Manual","https://www.discogs.com/master/3310582","1059062","Hip Hop","Conscious; Jazzy Hip-Hop"
"Scaring The Hoes","JPEGMAFIA, Danny Brown","2023","Manual","https://www.discogs.com/master/3029807","4501713; 1059062","Electronic; Hip Hop","Experimental; Glitch Hop; Hardcore Hip-Hop; Jazzy Hip-Hop; Trap"
"Specter","星街すいせい","2023","Manual","https://www.discogs.com/release/26017861","8428530","Electronic; Pop; Rock","J-pop"
"Super Sn​õ​õ​per","Snooper","2023","Manual","https://www.discogs.com/master/3168141","8467062","Rock","Art Rock; Indie Rock; Punk"
"The Land Is Inhospitable And So Are We","Mitski","2023","Manual","https://www.discogs.com/master/3239857","4110740","Folk, World, & Country; Pop","Indie Pop"
"The Record","Boygenius","2023","Manual","https://www.discogs.com/master/3038081","6774153","Rock","Folk Rock; Indie Rock"
"This Is Why","Paramore","2023","Manual","https://www.discogs.com/master/2973844","609563","Electronic; Rock","Alternative Rock; New Wave; Pop Punk"
"Time-Lapse ","Yukika","2023","Manual","https://www.discogs.com/release/29334307","7283429","Pop","City Pop; J-pop; K-pop"
"Wallsocket","underscores","2023","Manual","https://www.discogs.com/master/3247153","6908296","Electronic; Pop; Rock","Alternative Rock; Experimental; Hyperpop; Indie Pop; Leftfield; Synth-pop"
"Why Does The Earth Give Us People To Love?","Kara Jackson","2023","Manual","https://www.discogs.com/master/3069476","8225398","Folk, World, & Country",""
"Selected Ambient Works Volume II","Aphex Twin","1994","Manual","https://www.discogs.com/master/481","45","Electronic","Ambient; Dark Ambient; Experimental"
"Currents","Tame Impala","2015","Manual","https://www.discogs.com/master/861083","1245513","Rock","Indie Rock; Psychedelic Rock"
"Supreme Balloon","Matmos","2008","Manual","https://www.discogs.com/master/17093","1926","Electronic","Experimental; Glitch; IDM"
"By The Way","Red Hot Chili Peppers","2002","Manual","https://www.discogs.com/master/42557","92476","Rock","Alternative Rock; Pop Rock"
